Index,ID,Name,AA Sequence,NT Sequence,Restriction Sites,Edited Sequence,BP Length,Organism,External ID,Charge,Structure,References,Other Notes
0,1,Mfa-hst5,DSHEERRQGRHGHHEYGRKFHEKHHSHRGY,GAC AGC CAC GAA GAA CGC CGT CAG GGC CGT CAC GGT CAT CAT GAG TAT GGA CGC AAG TTCCAC GAA AAA CAC CAT TCC CAC CGT GGT TAC,N/A,,90,Macaca fascicularis,AP01567,2,Helix,http://aps.unmc.edu/AP/database/query_output.php?ID=01567,https://www.nature.com/nature/journal/v154/n3918/pdf/154703a0.pdf
1,2,Hs-AFP1,DGVKLCDVPSGTWSGHCGSSSKCSQQCKDREHFAYGGACHYQFPSVKCFCKRQC,GAC GGG GTG AAG TTG TGT GAT GTG CCG TCA GGA ACT TGG TCG GGT CAT TGT GGC AGC TCATCA AAG TGT TCA CAG CAA TGT AAA GAC CGT GAA CAT TTC GCT TAT GGG GGT GCC TGT CACTAT CAA TTC CCT AGC GTA AAA TGC TTT TGC AAG CGC CAG TGC,N/A,,162,Heuchera sanguinea,AP00003,3,,http://aps.unmc.edu/AP/database/query_output.php?ID=00003,
2,3,Ct-AMP1,NLCERASLTWTGNCGNTGHCDTQCRNWESAKHGACHKRGNWKCFCYFDC,AAC CTG TGC GAG CGT GCG TCT CTG ACG TGG ACG GGA AAT TGC GGA AAC ACA GGA CAC TGCGAC ACC CAG TGT CGC AAC TGG GAG TCG GCC AAA CAC GGT GCG TGT CAT AAG CGT GGT AACTGG AAA TGC TTT TGT TAC TTC GAC TGC,N/A,,147,Clitoria ternatea,AP00004,2,,http://aps.unmc.edu/AP/database/query_output.php?ID=00004,
3,4,Aurein 1.1,GLFDIIKKIAESI,GGT TTG TTT GAT ATC ATT AAG AAG ATT GCT GAA TCC ATT,EcoRV (GATATC),,39,Green and Golden Bell Frog,AP00012,1,,http://aps.unmc.edu/AP/database/query_output.php?ID=00012,
4,5,NmDef02,RECKAQGRHGTCFRDANCVQVCEKQAGWSHGDCRAQFKCKCIFEC,CGC GAA TGC AAA GCA CAA GGT CGC CAC GGT ACG TGT TTC CGC GAC GCC AAC TGT GTT CAAGTT TGT GAA AAA CAA GCC GGA TGG TCT CAC GGC GAT TGT CGC GCT CAG TTT AAG TGC AAGTGC ATT TTT GAA TGC,N/A,,135,Nicotiana megalosiphon,AP00103,3,,http://aps.unmc.edu/AP/database/query_output.php?ID=00103,
5,6,Temporin-1P,FLPIVGKLLSGLL,TTC CTG CCT ATT GTG GGC AAA CTT CTT TCG GGA TTG CTT,N/A,,39,"Rana pipiens, Rana cascadae, or Rana muscosa, North America",AP00112,2,,http://aps.unmc.edu/AP/database/query_output.php?ID=00112,
6,7,,ATYNGKCYKKDNICKYKAQSGKTAICKCYVKKCPRDGAKCEFDSYKGKCYC,GCT ACA TAC AAT GGT AAG TGC TAC AAA AAG GAC AAC ATC TGC AAA TAC AAG GCG CAA TCAGGC AAG ACA GCT ATT TGC AAG TGT TAC GTG AAG AAA TGC CCG CGT GAC GGG GCT AAG TGTGAG TTT GAC TCG TAT AAG GGC AAG TGT TAC TGC,N/A,,153,Aspergillus giganteus,AP00148,9,Beta,http://aps.unmc.edu/AP/database/query_output.php?ID=00148,
7,8,Metchnikowin,HRHQGPIFDTRPSPFNPNQPRPGPIY,CAT CGC CAT CAG GGG CCG ATC TTT GAC ACA CGC CCG AGT CCT TTT AAC CCA AAC CAG CCC CGC CCA GGG CCC ATT TAT,ApaI (GGGCCC),,78,"Common fruit fly, Drosophila melanogaster",AP00171,2,,http://aps.unmc.edu/AP/database/query_output.php?ID=00171,
8,9,Human defensin 6,AFTCHCRRSCYSTEYSYGTCTVMGINHRFCCL,GCA TTT ACA TGC CAT TGT CGC CGT AGT TGT TAT TCT ACG GAA TAT TCG TAC GGT ACT TGCACG GTC ATG GGT ATC AAT CAT CGC TTT TGC TGC CTG,N/A,,96,"Paneth cells, intestine, Homo sapiens",AP00181,2,Beta,http://aps.unmc.edu/AP/database/query_output.php?ID=00181,
9,10,PW2,HPLKQYWWRPSI,CAC CCA TTG AAA CAG TAC TGG TGG CGC CCC TCG ATT,"NarI (GGCGCC), ScaI (AGTACT)",,36,phage display peptide library,AP00190,2,nonhelixbeta,http://aps.unmc.edu/AP/database/query_output.php?ID=00190,
10,11,Hepcidin,ICIFCCGCCHRSKCGMCCKT,ATC TGT ATT TTC TGT TGC GGG TGC TGC CAT CGC AGC AAG TGT GGA ATG TGT TGT AAG ACA,N/A,,60,Homo sapiens,AP00192,3,beta,http://aps.unmc.edu/AP/database/query_output.php?ID=00192,
11,12,Ac-AMP2,VGECVRGRCPSGMCCSQFGYCGKGPKYCGR,GTA GGA GAG TGC GTT CGT GGA CGT TGT CCG AGT GGC ATG TGT TGT TCA CAG TTC GGG TACTGC GGC AAG GGT CCA AAG TAT TGT GGA CGT,N/A,,90,"seeds, Amaranthus caudatus",AP00194,4,beta,http://aps.unmc.edu/AP/database/query_output.php?ID=00194,
12,13,Protegrin 1,RGGRLCYCRRRFCVCVGR,CGT GGC GGA CGC CTT TGC TAC TGC CGC CGT CGT TTT TGC GTA TGT GTA GGC CGT,N/A,,54,"ig, Sus scrofa",AP00195,7,beta,http://aps.unmc.edu/AP/database/query_output.php?ID=00195,
13,14,Mj-AMP2,CIGNGGRCNENVGPPYCCSGFCLRQPNQGYGVCRNR,TGC ATC GGG AAT GGC GGC CGT TGT AAC GAA AAC GTG GGA CCT CCT TAT TGC TGC TCT GGA TTT TGT TTG CGT CAA CCT AAC CAG GGC TAC GGT GTT TGT CGC AAC CGT,N/A,,108,Garden four-o'clock Mirabilis jalapa,AP00202,3,,http://aps.unmc.edu/AP/database/query_output.php?ID=00202,
14,15,Mj-AMP1,QCIGNGGRCNENVGPPYCCSGFCLRQPGQGYGYCKNR,CAG TGT ATC GGA AAT GGC GGC CGT TGC AAC GAA AAC GTA GGG CCG CCA TAT TGT TGT AGTGGA TTT TGC CTG CGT CAA CCG GGC CAA GGC TAT GGT TAC TGT AAG AAT CGC,EagI (CGGCCG),,111,Garden four-o'clock Mirabilis jalapa,AP00203,3,,http://aps.unmc.edu/AP/database/query_output.php?ID=00203,
15,16,AP00270,QQCGRQASGRLCGNRLCCSQWGYCGSTASYCGAGCQSQCRS,CAA CAA TGT GGC CGC CAA GCA TCA GGG CGC CTG TGT GGC AAT CGC CTG TGT TGC AGT CAG TGG GGG TAT TGC GGA TCC ACC GCT TCA TAC TGC GGC GCC GGC TGT CAA TCT CAA TGT CGC TCT,"AatII (GACGTC), BamHI (GGATCC)",,123,"Japanese morning glory, Pharbitis nil",AP00270,4,,http://aps.unmc.edu/AP/database/query_output.php?ID=00270,
16,17,Rs-AFP1,QKLCERPSGTWSGVCGNNNACKNQCINLEKARHGSCNYVFPAHKCICYFPC,CAA AAA CTG TGT GAA CGT CCC TCG GGT ACT TGG TCG GGG GTT TGC GGG AAC AAT AAT GCTTGT AAA AAC CAG TGT ATC AAT CTT GAA AAG GCC CGC CAC GGT AGT TGT AAC TAT GTC TTCCCT GCA CAT AAA TGT ATC TGT TAT TTC CCC TGT,N/A,,153,"Radish seeds, Raphanus sativus , Brassicaceae species",AP00286,4,H+B,http://aps.unmc.edu/AP/database/query_output.php?ID=00286,
17,18,Rs-AFP2,QKLCQRPSGTWSGVCGNNNACKNQCIRLEKARHGSCNYVFPAHKCICYFPC,CAA AAA TTA TGC CAA CGC CCC AGT GGG ACC TGG TCT GGG GTC TGC GGC AAC AAC AAC GCTTGC AAG AAT CAA TGT ATT CGC TTG GAG AAA GCA CGC CAC GGC TCA TGT AAC TAT GTA TTTCCC GCA CAT AAG TGC ATT TGT TAT TTC CCA TGT,N/A,,153,"radish seeds, Raphanus sativus, Brassicaceae species",AP00287,6,,http://aps.unmc.edu/AP/database/query_output.php?ID=00287,
18,19,Histone H2A,AERVGAGAPVYL,GCG GAA CGC GTC GGT GCC GGG GCA CCT GTT TAT TTG,MluI (ACGCGT),,36,"Rainbow trout, Oncorhynchus mykiss",AP00336,0,,http://aps.unmc.edu/AP/database/query_output.php?ID=00336,
19,20,Histone H2B-3,PDPAKTAPKKKSKKAVT,CCA GAT CCG GCA AAA ACG GCG CCT AAA AAG AAG AGT AAG AAA GCT GTT ACC,"NarI (GGCGCC), ScaI (AGTACT)",,51,Rainbow trout Oncorhynchus mykiss,AP00337,5,,http://aps.unmc.edu/AP/database/query_output.php?ID=00337,
20,21,Citropin 1.2,GLFDIIKKVASVVGGL,GGC CTT TTC GAT ATT ATC AAG AAG GTG GCC TCG GTT GTC GGT GGT TTA,N/A,,48,"Australian blue mountains tree frog, Litoria citropa",AP00352,2,,http://aps.unmc.edu/AP/database/query_output.php?ID=00352,
21,22,Citropin 1.3,GLFDIIKKVASVIGGL,GGC TTA TTT GAC ATC ATT AAG AAG GTT GCC TCG GTG ATC GGA GGT CTG,N/A,,48,"Australian blue mountains tree frog, Litoria citropa",AP00353,2,,http://aps.unmc.edu/AP/database/query_output.php?ID=00353,
22,23,Penaeidin-2a,YRGGYTGPIPRPPPIGRPPFRPVCNACYRLSVSDARNCCIKFGSCCHLVK,TAC CGT GGC GGT TAT ACT GGA CCT ATC CCC CGT CCG CCT CCC ATC GGA CGC CCG CCC TTCCGT CCG GTA TGC AAC GCT TGT TAC CGT TTG AGT GTA AGC GAT GCG CGT AAC TGT TGC ATCAAA TTC GGC TCT TGT TGT CAT TTG GTG AAA,N/A,,150,"Penoeid shrimp, Penaeus vannamei",AP00393,7,,http://aps.unmc.edu/AP/database/query_output.php?ID=00393,
23,24,Penaeidin-3a,QVYKGGYTRPIPRPPPFVRPLPGGPIGPYNGCPVSCRGISFSQARSCCSRLGRCCHVGKGYS,CAG GTT TAT AAG GGC GGA TAC ACG CGC CCG ATC CCA CGC CCT CCT CCC TTC GTG CGC CCG TTG CCA GGT GGC CCC ATC GGG CCT TAT AAC GGC TGC CCT GTT AGT TGC CGT GGG ATT AGT TTC TCG CAA GCC CGT TCA TGC TGT TCT CGC TTG GGT CGC TGC TGC CAC GTA GGC AAG GGA TAC TCG,PsiI (TTATAA),,186,"Penoeid shrimp,Penaeus vannamei",AP00394,9,,http://aps.unmc.edu/AP/database/query_output.php?ID=00394,
24,25,Termicin,ACNFQSCWATCQAQHSIYFRRAFCDRSQCKCVFVRG,GCG TGC AAT TTC CAG TCT TGC TGG GCG ACC TGC CAG GCG CAG CAT AGT ATT TAT TTT CGCCGC GCG TTC TGC GAC CGT TCC CAG TGC AAG TGT GTC TTC GTT CGT GGG,N/A,,108,"termite, Pseudacanthotermes spiniger",AP00403,5,H+B,http://aps.unmc.edu/AP/database/query_output.php?ID=00403,
25,26,Penaeidin-4d,HSSGYTRPLRKPSRPIFIRPIGCDVCYGIPSSTARLCCFRYGDCCHL,CAT AGT TCA GGA TAC ACA CGC CCA TTA CGC AAA CCT TCA CGC CCC ATC TTC ATT CGT CCT ATT GGC TGT GAT GTA TGT TAT GGC ATT CCC TCC TCC ACG GCT CGT CTT TGT TGC TTC CGC TAT GGA GAC TGT TGT CAC TTG,N/A,,141,Atlantic Litopenaeus setiferus,AP00420,5,Helix,http://aps.unmc.edu/AP/database/query_output.php?ID=00420,
26,27,Penaeidin-4C,YSSGYTRPLPKPSRPIFIRPIGCDVCYGIPSSTARLCCFRYGDCCHR,TAT AGC TCG GGC TAC ACC CGC CCA CTG CCC AAG CCA TCT CGT CCC ATC TTC ATT CGC CCTATT GGT TGT GAT GTT TGT TAC GGT ATC CCA TCA TCA ACT GCC CGC TTG TGC TGC TTC CGCTAC GGT GAT TGT TGT CAT CGC,N/A,,141,"Atlantic white shrimp, Litopenaeus setiferus",AP00421,5,,http://aps.unmc.edu/AP/database/query_output.php?ID=00421,
27,28,Penaeidin-3m,QGCKGPYTRPILRPYVRPVVSYNACTLSCRGITTTQARSCCTRLGRCCHVAKGYS,CAG GGC TGT AAG GGT CCT TAT ACC CGT CCA ATT CTG CGC CCT TAC GTC CGC CCA GTA GTC AGC TAC AAC GCT TGT ACC TTA TCC TGC CGT GGA ATT ACC ACA ACG CAA GCC CGC TCG TGT TGC ACA CGC TTA GGA CGC TGC TGT CAC GTA GCA AAG GGC TAT TCA,N/A,,165,"Atlantic white shrimp, Litopenaeus setiferus",AP00422,9,,http://aps.unmc.edu/AP/database/query_output.php?ID=00422,
28,29,MiAMP1,SAFTVWSGPGCNNRAERYSKCGCSAIHQKGGYDFSYTGQTAALYNQAGCSGVAHTRFGSSARACNPFGWKSIFIQC,TCA GCA TTC ACG GTT TGG TCG GGG CCG GGC TGT AAC AAT CGT GCG GAG CGT TAT AGC AAA TGT GGG TGT TCA GCC ATC CAC CAG AAA GGG GGT TAC GAC TTC TCT TAC ACA GGG CAG ACT GCG GCG CTT TAT AAT CAA GCT GGT TGC AGC GGT GTG GCT CAC ACA CGT TTT GGT AGC TCA GCT CGT GCA TGC AAT CCG TTC GGC TGG AAA TCT ATC TTT ATC CAG TGT,"PsiI (TTATAA), SphI (GCATGC)",,228,"Macadamia nut, Macadamia integrifolia",AP00428,5,Beta,http://aps.unmc.edu/AP/database/query_output.php?ID=00428,
29,30,Ah-AMP1,LCNERPSQTWSGNCGNTAHCDKQCQDWEKASHGACHKRENHWKCFCYFNC,TTG TGC AAC GAA CGC CCT TCA CAG ACC TGG TCT GGG AAT TGC GGA AAT ACA GCC CAC TGCGAT AAA CAG TGC CAG GAT TGG GAG AAG GCG TCT CAC GGC GCT TGT CAT AAA CGT GAA AACCAC TGG AAA TGC TTT TGT TAC TTT AAT TGC,N/A,,150,"Horse chestnuts, Aesculus hippocastanum",AP00436,1,H+B,http://aps.unmc.edu/AP/database/query_output.php?ID=00436,
30,31,defensin HANP-1,VTCFCRRRGCASRERHIGYCRFGNTIYRLCCRR,GTC ACT TGT TTC TGT CGC CGC CGC GGT TGC GCC AGT CGT GAG CGT CAC ATT GGT TAC TGC CGC TTC GGG AAC ACA ATT TAT CGC TTG TGC TGC CGT CGT,SacII (CCGCGG),,99,"Golden hamster or Syrian hamster, Mesocricetus auratus",AP00440,8,,http://aps.unmc.edu/AP/database/query_output.php?ID=00440,
31,32,Alpha-basrubrin,GADFQECMKEHSQKQHQHQG,GGG GCC GAT TTT CAG GAG TGC ATG AAA GAG CAT AGC CAA AAA CAA CAT CAG CAC CAG GGC,N/A,,60,"edible Chinese vegetable, Malabar spinach",AP00446,-1,,http://aps.unmc.edu/AP/database/query_output.php?ID=00446,
32,33,,,,,,,,,,,,